id,firstname,lastname
0,John,Maxwell
1,John,Heisenberg
2,John,Fermi
3,John,Feynman
4,John,Lavoisier
5,John,Pasteur
6,James,Maxwell
7,James,Heisenberg
8,James,Fermi
9,James,Feynman
10,James,Lavoisier
11,James,Pasteur
12,Peter,Maxwell
13,Peter,Heisenberg
14,Peter,Fermi
15,Peter,Feynman
16,Peter,Lavoisier
17,Peter,Pasteur
18,Paul,Maxwell
19,Paul,Heisenberg
20,Paul,Fermi
21,Paul,Feynman
22,Paul,Lavoisier
23,Paul,Pasteur
24,Ringo,Maxwell
25,Ringo,Heisenberg
26,Ringo,Fermi
27,Ringo,Feynman
28,Ringo,Lavoisier
29,Ringo,Pasteur
30,Samuel,Maxwell
31,Samuel,Heisenberg
32,Samuel,Fermi
33,Samuel,Feynman
34,Samuel,Lavoisier
35,Samuel,Pasteur
36,Sam,Maxwell
37,Sam,Heisenberg
38,Sam,Fermi
39,Sam,Feynman
40,Sam,Lavoisier
41,Sam,Pasteur
42,Mary,Maxwell
43,Mary,Heisenberg
44,Mary,Fermi
45,Mary,Feynman
46,Mary,Lavoisier
47,Mary,Pasteur
48,Sarah,Maxwell
49,Sarah,Heisenberg
50,Sarah,Fermi
51,Sarah,Feynman
52,Sarah,Lavoisier
53,Sarah,Pasteur
54,Jane,Maxwell
55,Jane,Heisenberg
56,Jane,Fermi
57,Jane,Feynman
58,Jane,Lavoisier
59,Jane,Pasteur
